<?xml version="1.0" encoding="UTF-8"?>
<project xmlns="http://www.netbeans.org/ns/project/1">
    <type>org.netbeans.modules.php.project</type>
    <configuration>
        <data xmlns="http://www.netbeans.org/ns/php-project/1">
            <name>Timetable</name>
        </data>
        <spellchecker-wordlist xmlns="http://www.netbeans.org/ns/spellchecker-wordlist/1">
            <word>jhgyhgyujgyjgylhyughgyhghygyygyhdgfyhfdyfgyfdgiry</word>
            <word>jhgyhgyujgyjgylhyughgyhghygyygyhdgfyhfdyfgyfdgiryd</word>
            <word>jnhjhiuhiuhhijijiioukhhghbglkhjbkbbjhjhk</word>
            <word>jnhjhiuhiuhhijijiioukhhghbglkhjbkbbjhjhkhccfft</word>
            <word>kjsdhfhhfgbfbbgvfbbbbvhbhbhvbbhbfvhbbvbhbfbhhbhbyfbhyhf</word>
            <word>shbfsgdfgdhybgfhbdhbbhbbhdhyggfygysjghsyhgyhysgyfgyg</word>
            <word>sjkhdfyfygbybysbgygshgygghyhfhbfygvfhygfhgfhgybbgfhgy</word>
            <word>wjdidodpddnj</word>
        </spellchecker-wordlist>
    </configuration>
</project>
