<?xml version="1.0" encoding="UTF-8"?>
<project-private xmlns="http://www.netbeans.org/ns/project-private/1">
    <editor-bookmarks xmlns="http://www.netbeans.org/ns/editor-bookmarks/2" lastBookmarkId="0"/>
    <open-files xmlns="http://www.netbeans.org/ns/projectui-open-files/2">
        <group>
            <file>file:/C:/xampp/htdocs/Timetable/TimetableScript.js</file>
            <file>file:/C:/xampp/htdocs/Timetable/AdminPhp.php</file>
            <file>file:/C:/xampp/htdocs/Timetable/trial.php</file>
            <file>file:/C:/xampp/htdocs/Timetable/Admin.php</file>
            <file>file:/C:/xampp/htdocs/Timetable/index.php</file>
            <file>file:/C:/xampp/htdocs/Timetable/trial2.php</file>
            <file>file:/C:/xampp/htdocs/Timetable/reserve2</file>
            <file>file:/C:/xampp/htdocs/Timetable/TimetableOfficer.php</file>
            <file>file:/C:/xampp/htdocs/Timetable/HomePhp.php</file>
            <file>file:/C:/xampp/htdocs/Timetable/TimetablePhp.php</file>
            <file>file:/C:/xampp/htdocs/Timetable/reserve</file>
        </group>
    </open-files>
</project-private>
